start station tag,end station tag,start time period,demand
1,2,0,0
1,2,1,4
1,2,2,4
1,2,3,3
1,2,4,3
1,2,5,2
1,2,6,2
1,2,7,2
1,2,8,1
1,2,9,2
1,2,10,1
1,2,11,1
1,2,12,1
1,2,13,1
1,2,14,1
1,2,15,1
1,2,16,1
1,2,17,1
1,2,18,1
1,2,19,1
1,2,20,1
1,2,21,1
1,2,22,1
1,2,23,1
1,2,24,1
1,2,25,1
1,2,26,1
1,2,27,0
1,2,28,0
1,2,29,0
1,2,30,0
1,2,31,1
1,2,32,1
1,2,33,1
1,2,34,1
1,2,35,1
1,2,36,2
1,2,37,6
1,2,38,6
1,2,39,6
1,2,40,8
1,2,41,7
1,2,42,13
1,2,43,17
1,2,44,11
1,2,45,14
1,2,46,11
1,2,47,7
1,2,48,6
1,2,49,6
1,2,50,7
1,2,51,8
1,2,52,11
1,2,53,13
1,2,54,14
1,2,55,13
1,2,56,11
1,2,57,12
1,2,58,11
1,2,59,10
1,2,60,11
1,2,61,8
1,2,62,8
1,2,63,7
1,2,64,7
1,2,65,7
1,2,66,7
1,2,67,7
1,2,68,7
1,2,69,9
1,2,70,9
1,2,71,9
1,2,72,9
1,2,73,8
1,2,74,8
1,2,75,10
1,2,76,9
1,2,77,11
1,2,78,11
1,2,79,10
1,2,80,10
1,2,81,10
1,2,82,10
1,2,83,12
1,2,84,12
1,2,85,13
1,2,86,13
1,2,87,14
1,2,88,13
1,2,89,14
1,2,90,12
1,2,91,14
1,2,92,12
1,2,93,12
1,2,94,12
1,2,95,11
1,2,96,11
1,2,97,12
1,2,98,17
1,2,99,12
1,2,100,11
1,2,101,13
1,2,102,14
1,2,103,17
1,2,104,19
1,2,105,16
1,2,106,18
1,2,107,22
1,2,108,20
1,2,109,23
1,2,110,25
1,2,111,24
1,2,112,22
1,2,113,22
1,2,114,19
1,2,115,17
1,2,116,17
1,2,117,18
1,2,118,15
1,2,119,17
1,2,120,15
1,2,121,12
1,2,122,12
1,2,123,11
1,2,124,11
1,2,125,11
1,2,126,11
1,2,127,10
1,2,128,10
1,2,129,9
1,2,130,8
1,2,131,9
1,2,132,8
1,2,133,9
1,2,134,9
1,2,135,9
1,2,136,9
1,2,137,9
1,2,138,9
1,2,139,7
1,2,140,6
1,2,141,5
1,2,142,6
1,2,143,4
1,2,144,4
1,3,0,0
1,3,1,2
1,3,2,2
1,3,3,2
1,3,4,2
1,3,5,2
1,3,6,2
1,3,7,2
1,3,8,1
1,3,9,1
1,3,10,1
1,3,11,2
1,3,12,1
1,3,13,2
1,3,14,1
1,3,15,1
1,3,16,1
1,3,17,1
1,3,18,1
1,3,19,1
1,3,20,1
1,3,21,1
1,3,22,1
1,3,23,1
1,3,24,0
1,3,25,1
1,3,26,0
1,3,27,0
1,3,28,0
1,3,29,1
1,3,30,0
1,3,31,0
1,3,32,1
1,3,33,1
1,3,34,4
1,3,35,6
1,3,36,4
1,3,37,6
1,3,38,12
1,3,39,7
1,3,40,6
1,3,41,7
1,3,42,6
1,3,43,11
1,3,44,9
1,3,45,14
1,3,46,15
1,3,47,12
1,3,48,14
1,3,49,17
1,3,50,22
1,3,51,25
1,3,52,27
1,3,53,37
1,3,54,42
1,3,55,28
1,3,56,23
1,3,57,21
1,3,58,20
1,3,59,23
1,3,60,20
1,3,61,18
1,3,62,19
1,3,63,15
1,3,64,13
1,3,65,16
1,3,66,14
1,3,67,12
1,3,68,13
1,3,69,14
1,3,70,14
1,3,71,17
1,3,72,19
1,3,73,20
1,3,74,19
1,3,75,18
1,3,76,18
1,3,77,20
1,3,78,20
1,3,79,17
1,3,80,18
1,3,81,17
1,3,82,17
1,3,83,19
1,3,84,17
1,3,85,15
1,3,86,16
1,3,87,17
1,3,88,17
1,3,89,17
1,3,90,18
1,3,91,16
1,3,92,18
1,3,93,16
1,3,94,19
1,3,95,18
1,3,96,17
1,3,97,18
1,3,98,19
1,3,99,18
1,3,100,17
1,3,101,19
1,3,102,19
1,3,103,22
1,3,104,24
1,3,105,28
1,3,106,25
1,3,107,26
1,3,108,28
1,3,109,32
1,3,110,31
1,3,111,26
1,3,112,24
1,3,113,24
1,3,114,22
1,3,115,19
1,3,116,18
1,3,117,16
1,3,118,15
1,3,119,14
1,3,120,14
1,3,121,12
1,3,122,13
1,3,123,11
1,3,124,10
1,3,125,9
1,3,126,9
1,3,127,8
1,3,128,7
1,3,129,8
1,3,130,7
1,3,131,6
1,3,132,7
1,3,133,6
1,3,134,6
1,3,135,5
1,3,136,5
1,3,137,7
1,3,138,5
1,3,139,5
1,3,140,4
1,3,141,3
1,3,142,3
1,3,143,3
1,3,144,2
1,4,0,0
1,4,1,1
1,4,2,1
1,4,3,1
1,4,4,1
1,4,5,0
1,4,6,0
1,4,7,0
1,4,8,0
1,4,9,1
1,4,10,0
1,4,11,0
1,4,12,0
1,4,13,0
1,4,14,0
1,4,15,0
1,4,16,0
1,4,17,0
1,4,18,0
1,4,19,1
1,4,20,0
1,4,21,0
1,4,22,0
1,4,23,0
1,4,24,0
1,4,25,0
1,4,26,0
1,4,27,0
1,4,28,0
1,4,29,1
1,4,30,1
1,4,31,0
1,4,32,1
1,4,33,1
1,4,34,6
1,4,35,8
1,4,36,8
1,4,37,19
1,4,38,25
1,4,39,22
1,4,40,11
1,4,41,22
1,4,42,19
1,4,43,22
1,4,44,23
1,4,45,24
1,4,46,22
1,4,47,20
1,4,48,20
1,4,49,26
1,4,50,28
1,4,51,23
1,4,52,28
1,4,53,32
1,4,54,25
1,4,55,22
1,4,56,18
1,4,57,17
1,4,58,12
1,4,59,11
1,4,60,8
1,4,61,6
1,4,62,6
1,4,63,5
1,4,64,6
1,4,65,5
1,4,66,6
1,4,67,5
1,4,68,6
1,4,69,7
1,4,70,6
1,4,71,8
1,4,72,7
1,4,73,5
1,4,74,6
1,4,75,6
1,4,76,6
1,4,77,6
1,4,78,6
1,4,79,7
1,4,80,5
1,4,81,6
1,4,82,8
1,4,83,6
1,4,84,6
1,4,85,6
1,4,86,6
1,4,87,5
1,4,88,6
1,4,89,6
1,4,90,5
1,4,91,6
1,4,92,6
1,4,93,7
1,4,94,7
1,4,95,7
1,4,96,6
1,4,97,6
1,4,98,5
1,4,99,5
1,4,100,6
1,4,101,6
1,4,102,6
1,4,103,7
1,4,104,8
1,4,105,7
1,4,106,8
1,4,107,9
1,4,108,8
1,4,109,9
1,4,110,9
1,4,111,8
1,4,112,7
1,4,113,7
1,4,114,6
1,4,115,6
1,4,116,5
1,4,117,6
1,4,118,5
1,4,119,4
1,4,120,4
1,4,121,3
1,4,122,3
1,4,123,3
1,4,124,2
1,4,125,2
1,4,126,2
1,4,127,2
1,4,128,2
1,4,129,3
1,4,130,2
1,4,131,2
1,4,132,2
1,4,133,3
1,4,134,2
1,4,135,2
1,4,136,2
1,4,137,2
1,4,138,2
1,4,139,1
1,4,140,2
1,4,141,1
1,4,142,2
1,4,143,1
1,4,144,1
1,5,0,0
1,5,1,2
1,5,2,2
1,5,3,2
1,5,4,2
1,5,5,1
1,5,6,1
1,5,7,1
1,5,8,1
1,5,9,1
1,5,10,1
1,5,11,1
1,5,12,1
1,5,13,1
1,5,14,1
1,5,15,0
1,5,16,0
1,5,17,0
1,5,18,0
1,5,19,0
1,5,20,0
1,5,21,0
1,5,22,0
1,5,23,0
1,5,24,0
1,5,25,0
1,5,26,0
1,5,27,0
1,5,28,0
1,5,29,1
1,5,30,2
1,5,31,1
1,5,32,1
1,5,33,2
1,5,34,4
1,5,35,2
1,5,36,4
1,5,37,10
1,5,38,14
1,5,39,23
1,5,40,24
1,5,41,19
1,5,42,10
1,5,43,23
1,5,44,16
1,5,45,23
1,5,46,19
1,5,47,16
1,5,48,16
1,5,49,26
1,5,50,19
1,5,51,21
1,5,52,24
1,5,53,34
1,5,54,34
1,5,55,30
1,5,56,25
1,5,57,19
1,5,58,19
1,5,59,19
1,5,60,16
1,5,61,13
1,5,62,10
1,5,63,9
1,5,64,10
1,5,65,9
1,5,66,8
1,5,67,9
1,5,68,9
1,5,69,9
1,5,70,9
1,5,71,9
1,5,72,9
1,5,73,9
1,5,74,9
1,5,75,8
1,5,76,10
1,5,77,9
1,5,78,8
1,5,79,9
1,5,80,9
1,5,81,9
1,5,82,10
1,5,83,9
1,5,84,10
1,5,85,8
1,5,86,10
1,5,87,9
1,5,88,11
1,5,89,12
1,5,90,11
1,5,91,11
1,5,92,11
1,5,93,10
1,5,94,12
1,5,95,14
1,5,96,12
1,5,97,14
1,5,98,11
1,5,99,11
1,5,100,14
1,5,101,18
1,5,102,17
1,5,103,25
1,5,104,27
1,5,105,27
1,5,106,32
1,5,107,27
1,5,108,28
1,5,109,29
1,5,110,27
1,5,111,24
1,5,112,22
1,5,113,20
1,5,114,19
1,5,115,16
1,5,116,13
1,5,117,15
1,5,118,14
1,5,119,11
1,5,120,10
1,5,121,9
1,5,122,8
1,5,123,7
1,5,124,8
1,5,125,9
1,5,126,7
1,5,127,6
1,5,128,5
1,5,129,7
1,5,130,6
1,5,131,5
1,5,132,5
1,5,133,6
1,5,134,5
1,5,135,6
1,5,136,5
1,5,137,8
1,5,138,4
1,5,139,4
1,5,140,3
1,5,141,3
1,5,142,3
1,5,143,2
1,5,144,2
1,6,1,0
1,6,2,1
1,6,3,0
1,6,4,0
1,6,5,0
1,6,6,0
1,6,7,0
1,6,8,0
1,6,9,0
1,6,10,0
1,6,11,0
1,6,12,0
1,6,13,0
1,6,14,0
1,6,15,0
1,6,16,0
1,6,17,0
1,6,18,0
1,6,19,0
1,6,20,0
1,6,21,0
1,6,22,0
1,6,23,0
1,6,25,0
1,6,26,0
1,6,27,0
1,6,28,0
1,6,29,1
1,6,30,1
1,6,31,0
1,6,32,0
1,6,33,1
1,6,34,2
1,6,35,3
1,6,36,5
1,6,37,7
1,6,38,18
1,6,39,11
1,6,40,8
1,6,41,8
1,6,42,6
1,6,43,13
1,6,44,11
1,6,45,9
1,6,46,11
1,6,47,10
1,6,48,8
1,6,49,8
1,6,50,9
1,6,51,11
1,6,52,13
1,6,53,14
1,6,54,10
1,6,55,14
1,6,56,8
1,6,57,6
1,6,58,5
1,6,59,3
1,6,60,4
1,6,61,3
1,6,62,2
1,6,63,2
1,6,64,2
1,6,65,2
1,6,66,1
1,6,67,2
1,6,68,2
1,6,69,1
1,6,70,2
1,6,71,2
1,6,72,2
1,6,73,2
1,6,74,2
1,6,75,2
1,6,76,2
1,6,77,2
1,6,78,1
1,6,79,2
1,6,80,1
1,6,81,2
1,6,82,2
1,6,83,2
1,6,84,2
1,6,85,1
1,6,86,1
1,6,87,2
1,6,88,2
1,6,89,2
1,6,90,2
1,6,91,2
1,6,92,2
1,6,93,2
1,6,94,2
1,6,95,2
1,6,96,2
1,6,97,2
1,6,98,3
1,6,99,2
1,6,100,2
1,6,101,2
1,6,102,2
1,6,103,3
1,6,104,4
1,6,105,3
1,6,106,4
1,6,107,3
1,6,108,3
1,6,109,4
1,6,110,4
1,6,111,3
1,6,112,2
1,6,113,2
1,6,114,2
1,6,115,2
1,6,116,2
1,6,117,1
1,6,118,2
1,6,119,2
1,6,120,1
1,6,121,1
1,6,122,2
1,6,123,2
1,6,124,2
1,6,125,2
1,6,126,1
1,6,127,1
1,6,128,1
1,6,129,1
1,6,130,1
1,6,131,1
1,6,132,2
1,6,133,1
1,6,134,1
1,6,135,1
1,6,136,1
1,6,137,1
1,6,138,1
1,6,139,1
1,6,140,1
1,6,141,1
1,6,142,1
1,6,143,0
1,6,144,1
2,1,0,0
2,1,1,4
2,1,2,4
2,1,3,2
2,1,4,3
2,1,5,3
2,1,6,2
2,1,7,2
2,1,8,2
2,1,9,1
2,1,10,1
2,1,11,1
2,1,12,2
2,1,13,1
2,1,14,1
2,1,15,1
2,1,16,1
2,1,17,1
2,1,18,1
2,1,19,0
2,1,20,1
2,1,21,0
2,1,22,1
2,1,23,0
2,1,24,0
2,1,25,0
2,1,26,1
2,1,27,1
2,1,28,1
2,1,29,1
2,1,30,1
2,1,31,1
2,1,32,2
2,1,33,4
2,1,34,4
2,1,35,7
2,1,36,8
2,1,37,4
2,1,38,4
2,1,39,5
2,1,40,7
2,1,41,7
2,1,42,8
2,1,43,8
2,1,44,7
2,1,45,9
2,1,46,14
2,1,47,7
2,1,48,8
2,1,49,6
2,1,50,8
2,1,51,11
2,1,52,10
2,1,53,10
2,1,54,12
2,1,55,13
2,1,56,10
2,1,57,10
2,1,58,10
2,1,59,10
2,1,60,8
2,1,61,7
2,1,62,7
2,1,63,7
2,1,64,7
2,1,65,7
2,1,66,7
2,1,67,6
2,1,68,8
2,1,69,8
2,1,70,8
2,1,71,7
2,1,72,8
2,1,73,10
2,1,74,9
2,1,75,9
2,1,76,8
2,1,77,10
2,1,78,10
2,1,79,10
2,1,80,12
2,1,81,10
2,1,82,11
2,1,83,11
2,1,84,10
2,1,85,11
2,1,86,11
2,1,87,11
2,1,88,11
2,1,89,12
2,1,90,12
2,1,91,12
2,1,92,12
2,1,93,13
2,1,94,14
2,1,95,12
2,1,96,14
2,1,97,18
2,1,98,19
2,1,99,16
2,1,100,20
2,1,101,21
2,1,102,20
2,1,103,26
2,1,104,24
2,1,105,21
2,1,106,26
2,1,107,26
2,1,108,25
2,1,109,25
2,1,110,24
2,1,111,22
2,1,112,22
2,1,113,21
2,1,114,21
2,1,115,18
2,1,116,16
2,1,117,15
2,1,118,15
2,1,119,13
2,1,120,12
2,1,121,13
2,1,122,13
2,1,123,15
2,1,124,12
2,1,125,13
2,1,126,9
2,1,127,9
2,1,128,10
2,1,129,8
2,1,130,9
2,1,131,11
2,1,132,10
2,1,133,9
2,1,134,8
2,1,135,10
2,1,136,11
2,1,137,12
2,1,138,10
2,1,139,6
2,1,140,6
2,1,141,6
2,1,142,5
2,1,143,4
2,1,144,3
2,3,0,0
2,3,1,3
2,3,2,3
2,3,3,2
2,3,4,2
2,3,5,2
2,3,6,2
2,3,7,2
2,3,8,2
2,3,9,1
2,3,10,1
2,3,11,1
2,3,12,1
2,3,13,1
2,3,14,1
2,3,15,1
2,3,16,0
2,3,17,1
2,3,18,1
2,3,19,0
2,3,20,0
2,3,21,1
2,3,22,1
2,3,23,1
2,3,24,1
2,3,25,3
2,3,26,1
2,3,27,1
2,3,28,2
2,3,29,1
2,3,30,1
2,3,31,1
2,3,32,1
2,3,33,3
2,3,34,7
2,3,35,6
2,3,36,5
2,3,37,4
2,3,38,7
2,3,39,6
2,3,40,7
2,3,41,5
2,3,42,6
2,3,43,9
2,3,44,7
2,3,45,11
2,3,46,13
2,3,47,13
2,3,48,12
2,3,49,15
2,3,50,20
2,3,51,16
2,3,52,21
2,3,53,24
2,3,54,28
2,3,55,24
2,3,56,20
2,3,57,21
2,3,58,21
2,3,59,19
2,3,60,16
2,3,61,15
2,3,62,14
2,3,63,14
2,3,64,14
2,3,65,13
2,3,66,12
2,3,67,10
2,3,68,11
2,3,69,11
2,3,70,12
2,3,71,14
2,3,72,12
2,3,73,12
2,3,74,12
2,3,75,12
2,3,76,12
2,3,77,13
2,3,78,13
2,3,79,13
2,3,80,13
2,3,81,11
2,3,82,12
2,3,83,14
2,3,84,13
2,3,85,12
2,3,86,12
2,3,87,12
2,3,88,12
2,3,89,15
2,3,90,13
2,3,91,13
2,3,92,12
2,3,93,13
2,3,94,11
2,3,95,12
2,3,96,13
2,3,97,12
2,3,98,13
2,3,99,12
2,3,100,15
2,3,101,16
2,3,102,15
2,3,103,15
2,3,104,17
2,3,105,15
2,3,106,17
2,3,107,20
2,3,108,19
2,3,109,18
2,3,110,19
2,3,111,18
2,3,112,17
2,3,113,19
2,3,114,16
2,3,115,14
2,3,116,14
2,3,117,14
2,3,118,12
2,3,119,12
2,3,120,12
2,3,121,12
2,3,122,12
2,3,123,10
2,3,124,11
2,3,125,10
2,3,126,9
2,3,127,8
2,3,128,8
2,3,129,8
2,3,130,8
2,3,131,7
2,3,132,6
2,3,133,6
2,3,134,6
2,3,135,5
2,3,136,6
2,3,137,6
2,3,138,5
2,3,139,6
2,3,140,5
2,3,141,5
2,3,142,4
2,3,143,4
2,3,144,2
2,4,0,0
2,4,1,3
2,4,2,2
2,4,3,2
2,4,4,5
2,4,5,3
2,4,6,2
2,4,7,2
2,4,8,2
2,4,9,1
2,4,10,1
2,4,11,1
2,4,12,1
2,4,13,1
2,4,14,1
2,4,15,1
2,4,16,1
2,4,17,1
2,4,18,1
2,4,19,1
2,4,20,1
2,4,21,0
2,4,22,1
2,4,23,0
2,4,24,0
2,4,25,0
2,4,26,0
2,4,27,2
2,4,28,1
2,4,29,1
2,4,30,4
2,4,31,3
2,4,32,6
2,4,33,6
2,4,34,11
2,4,35,21
2,4,36,23
2,4,37,21
2,4,38,35
2,4,39,34
2,4,40,40
2,4,41,28
2,4,42,23
2,4,43,21
2,4,44,29
2,4,45,30
2,4,46,30
2,4,47,31
2,4,48,30
2,4,49,31
2,4,50,34
2,4,51,34
2,4,52,38
2,4,53,40
2,4,54,37
2,4,55,31
2,4,56,32
2,4,57,30
2,4,58,29
2,4,59,27
2,4,60,27
2,4,61,18
2,4,62,16
2,4,63,13
2,4,64,15
2,4,65,15
2,4,66,13
2,4,67,12
2,4,68,13
2,4,69,12
2,4,70,13
2,4,71,15
2,4,72,14
2,4,73,14
2,4,74,16
2,4,75,15
2,4,76,15
2,4,77,16
2,4,78,16
2,4,79,16
2,4,80,15
2,4,81,16
2,4,82,17
2,4,83,19
2,4,84,15
2,4,85,16
2,4,86,15
2,4,87,17
2,4,88,17
2,4,89,15
2,4,90,15
2,4,91,16
2,4,92,16
2,4,93,16
2,4,94,19
2,4,95,21
2,4,96,16
2,4,97,16
2,4,98,18
2,4,99,16
2,4,100,18
2,4,101,19
2,4,102,20
2,4,103,28
2,4,104,23
2,4,105,23
2,4,106,22
2,4,107,24
2,4,108,23
2,4,109,23
2,4,110,24
2,4,111,22
2,4,112,21
2,4,113,19
2,4,114,21
2,4,115,23
2,4,116,16
2,4,117,14
2,4,118,15
2,4,119,13
2,4,120,11
2,4,121,10
2,4,122,10
2,4,123,9
2,4,124,9
2,4,125,8
2,4,126,8
2,4,127,7
2,4,128,7
2,4,129,8
2,4,130,6
2,4,131,6
2,4,132,5
2,4,133,6
2,4,134,7
2,4,135,6
2,4,136,6
2,4,137,5
2,4,138,5
2,4,139,5
2,4,140,5
2,4,141,4
2,4,142,4
2,4,143,4
2,4,144,3
2,5,0,0
2,5,1,2
2,5,2,2
2,5,3,2
2,5,4,1
2,5,5,2
2,5,6,1
2,5,7,1
2,5,8,1
2,5,9,1
2,5,10,1
2,5,11,1
2,5,12,1
2,5,13,1
2,5,14,0
2,5,15,0
2,5,16,0
2,5,17,0
2,5,18,0
2,5,19,0
2,5,20,0
2,5,21,0
2,5,22,0
2,5,23,2
2,5,24,2
2,5,25,1
2,5,26,0
2,5,27,0
2,5,28,1
2,5,29,1
2,5,30,1
2,5,31,1
2,5,32,3
2,5,33,16
2,5,34,14
2,5,35,8
2,5,36,7
2,5,37,7
2,5,38,14
2,5,39,13
2,5,40,20
2,5,41,15
2,5,42,8
2,5,43,8
2,5,44,9
2,5,45,9
2,5,46,13
2,5,47,10
2,5,48,11
2,5,49,12
2,5,50,14
2,5,51,17
2,5,52,20
2,5,53,20
2,5,54,18
2,5,55,15
2,5,56,16
2,5,57,14
2,5,58,15
2,5,59,11
2,5,60,11
2,5,61,9
2,5,62,8
2,5,63,7
2,5,64,7
2,5,65,7
2,5,66,5
2,5,67,6
2,5,68,5
2,5,69,5
2,5,70,6
2,5,71,5
2,5,72,5
2,5,73,5
2,5,74,5
2,5,75,5
2,5,76,6
2,5,77,6
2,5,78,6
2,5,79,5
2,5,80,5
2,5,81,5
2,5,82,6
2,5,83,6
2,5,84,5
2,5,85,6
2,5,86,6
2,5,87,6
2,5,88,6
2,5,89,5
2,5,90,5
2,5,91,6
2,5,92,6
2,5,93,7
2,5,94,7
2,5,95,8
2,5,96,6
2,5,97,7
2,5,98,7
2,5,99,7
2,5,100,8
2,5,101,8
2,5,102,9
2,5,103,16
2,5,104,14
2,5,105,13
2,5,106,11
2,5,107,11
2,5,108,11
2,5,109,11
2,5,110,12
2,5,111,11
2,5,112,10
2,5,113,11
2,5,114,10
2,5,115,10
2,5,116,9
2,5,117,8
2,5,118,7
2,5,119,7
2,5,120,5
2,5,121,6
2,5,122,6
2,5,123,6
2,5,124,5
2,5,125,6
2,5,126,5
2,5,127,5
2,5,128,6
2,5,129,5
2,5,130,5
2,5,131,5
2,5,132,4
2,5,133,4
2,5,134,5
2,5,135,4
2,5,136,5
2,5,137,5
2,5,138,5
2,5,139,4
2,5,140,4
2,5,141,3
2,5,142,3
2,5,143,3
2,5,144,2
2,6,0,0
2,6,1,2
2,6,2,2
2,6,3,1
2,6,4,1
2,6,5,1
2,6,6,1
2,6,7,2
2,6,8,4
2,6,9,0
2,6,10,0
2,6,11,0
2,6,12,0
2,6,13,0
2,6,14,0
2,6,15,0
2,6,16,0
2,6,17,0
2,6,18,0
2,6,19,0
2,6,20,0
2,6,21,0
2,6,22,0
2,6,23,0
2,6,24,1
2,6,25,1
2,6,26,1
2,6,27,0
2,6,28,0
2,6,29,1
2,6,30,1
2,6,31,2
2,6,32,7
2,6,33,9
2,6,34,7
2,6,35,8
2,6,36,10
2,6,37,14
2,6,38,13
2,6,39,13
2,6,40,16
2,6,41,19
2,6,42,10
2,6,43,14
2,6,44,14
2,6,45,16
2,6,46,19
2,6,47,21
2,6,48,18
2,6,49,21
2,6,50,25
2,6,51,22
2,6,52,26
2,6,53,29
2,6,54,23
2,6,55,19
2,6,56,15
2,6,57,13
2,6,58,10
2,6,59,10
2,6,60,9
2,6,61,8
2,6,62,7
2,6,63,5
2,6,64,5
2,6,65,4
2,6,66,4
2,6,67,4
2,6,68,5
2,6,69,4
2,6,70,4
2,6,71,4
2,6,72,4
2,6,73,4
2,6,74,4
2,6,75,3
2,6,76,4
2,6,77,4
2,6,78,4
2,6,79,4
2,6,80,4
2,6,81,4
2,6,82,5
2,6,83,5
2,6,84,4
2,6,85,4
2,6,86,4
2,6,87,5
2,6,88,5
2,6,89,6
2,6,90,4
2,6,91,5
2,6,92,5
2,6,93,5
2,6,94,6
2,6,95,6
2,6,96,6
2,6,97,4
2,6,98,5
2,6,99,5
2,6,100,5
2,6,101,5
2,6,102,4
2,6,103,7
2,6,104,7
2,6,105,5
2,6,106,7
2,6,107,7
2,6,108,6
2,6,109,7
2,6,110,7
2,6,111,7
2,6,112,7
2,6,113,6
2,6,114,5
2,6,115,5
2,6,116,5
2,6,117,5
2,6,118,4
2,6,119,4
2,6,120,3
2,6,121,4
2,6,122,3
2,6,123,4
2,6,124,4
2,6,125,4
2,6,126,4
2,6,127,3
2,6,128,3
2,6,129,3
2,6,130,3
2,6,131,3
2,6,132,3
2,6,133,3
2,6,134,3
2,6,135,2
2,6,136,3
2,6,137,2
2,6,138,4
2,6,139,4
2,6,140,5
2,6,141,3
2,6,142,2
2,6,143,2
2,6,144,1
3,1,0,0
3,1,1,4
3,1,2,3
3,1,3,2
3,1,4,2
3,1,5,2
3,1,6,2
3,1,7,2
3,1,8,2
3,1,9,2
3,1,10,2
3,1,11,2
3,1,12,2
3,1,13,1
3,1,14,1
3,1,15,1
3,1,16,1
3,1,17,1
3,1,18,1
3,1,19,1
3,1,20,1
3,1,21,0
3,1,22,1
3,1,23,0
3,1,24,1
3,1,25,0
3,1,26,1
3,1,27,0
3,1,28,1
3,1,29,1
3,1,30,1
3,1,31,1
3,1,32,1
3,1,33,1
3,1,34,4
3,1,35,2
3,1,36,2
3,1,37,3
3,1,38,5
3,1,39,5
3,1,40,5
3,1,41,4
3,1,42,5
3,1,43,5
3,1,44,5
3,1,45,7
3,1,46,11
3,1,47,11
3,1,48,11
3,1,49,9
3,1,50,10
3,1,51,11
3,1,52,19
3,1,53,22
3,1,54,24
3,1,55,27
3,1,56,28
3,1,57,28
3,1,58,24
3,1,59,21
3,1,60,20
3,1,61,18
3,1,62,15
3,1,63,14
3,1,64,13
3,1,65,14
3,1,66,14
3,1,67,13
3,1,68,15
3,1,69,15
3,1,70,15
3,1,71,18
3,1,72,19
3,1,73,18
3,1,74,20
3,1,75,19
3,1,76,19
3,1,77,20
3,1,78,21
3,1,79,22
3,1,80,20
3,1,81,20
3,1,82,20
3,1,83,24
3,1,84,21
3,1,85,21
3,1,86,21
3,1,87,19
3,1,88,19
3,1,89,21
3,1,90,20
3,1,91,20
3,1,92,20
3,1,93,17
3,1,94,18
3,1,95,21
3,1,96,24
3,1,97,22
3,1,98,22
3,1,99,27
3,1,100,28
3,1,101,26
3,1,102,33
3,1,103,41
3,1,104,40
3,1,105,37
3,1,106,34
3,1,107,35
3,1,108,33
3,1,109,31
3,1,110,32
3,1,111,28
3,1,112,26
3,1,113,26
3,1,114,24
3,1,115,22
3,1,116,20
3,1,117,19
3,1,118,17
3,1,119,15
3,1,120,15
3,1,121,14
3,1,122,12
3,1,123,12
3,1,124,11
3,1,125,12
3,1,126,11
3,1,127,9
3,1,128,9
3,1,129,10
3,1,130,9
3,1,131,10
3,1,132,8
3,1,133,8
3,1,134,8
3,1,135,7
3,1,136,6
3,1,137,5
3,1,138,6
3,1,139,5
3,1,140,5
3,1,141,4
3,1,142,4
3,1,143,4
3,1,144,3
3,2,0,0
3,2,1,5
3,2,2,5
3,2,3,2
3,2,4,3
3,2,5,3
3,2,6,2
3,2,7,2
3,2,8,2
3,2,9,1
3,2,10,2
3,2,11,1
3,2,12,2
3,2,13,2
3,2,14,1
3,2,15,2
3,2,16,1
3,2,17,1
3,2,18,1
3,2,19,1
3,2,20,1
3,2,21,1
3,2,22,1
3,2,23,0
3,2,24,1
3,2,25,1
3,2,26,1
3,2,27,0
3,2,28,1
3,2,29,0
3,2,30,1
3,2,31,0
3,2,32,0
3,2,33,1
3,2,34,0
3,2,35,0
3,2,36,1
3,2,37,1
3,2,38,1
3,2,39,1
3,2,40,1
3,2,41,1
3,2,42,2
3,2,43,4
3,2,44,4
3,2,45,2
3,2,46,4
3,2,47,3
3,2,48,3
3,2,49,4
3,2,50,4
3,2,51,7
3,2,52,8
3,2,53,8
3,2,54,7
3,2,55,7
3,2,56,8
3,2,57,6
3,2,58,8
3,2,59,6
3,2,60,7
3,2,61,6
3,2,62,7
3,2,63,5
3,2,64,7
3,2,65,8
3,2,66,8
3,2,67,8
3,2,68,8
3,2,69,7
3,2,70,9
3,2,71,10
3,2,72,12
3,2,73,13
3,2,74,13
3,2,75,12
3,2,76,12
3,2,77,13
3,2,78,13
3,2,79,14
3,2,80,15
3,2,81,13
3,2,82,15
3,2,83,14
3,2,84,13
3,2,85,13
3,2,86,14
3,2,87,16
3,2,88,13
3,2,89,18
3,2,90,14
3,2,91,14
3,2,92,17
3,2,93,18
3,2,94,15
3,2,95,16
3,2,96,16
3,2,97,17
3,2,98,17
3,2,99,17
3,2,100,17
3,2,101,18
3,2,102,19
3,2,103,27
3,2,104,28
3,2,105,27
3,2,106,32
3,2,107,31
3,2,108,32
3,2,109,37
3,2,110,36
3,2,111,33
3,2,112,31
3,2,113,28
3,2,114,27
3,2,115,25
3,2,116,22
3,2,117,20
3,2,118,21
3,2,119,19
3,2,120,14
3,2,121,16
3,2,122,14
3,2,123,13
3,2,124,13
3,2,125,13
3,2,126,11
3,2,127,12
3,2,128,11
3,2,129,9
3,2,130,10
3,2,131,9
3,2,132,9
3,2,133,9
3,2,134,8
3,2,135,8
3,2,136,6
3,2,137,7
3,2,138,7
3,2,139,9
3,2,140,6
3,2,141,5
3,2,142,5
3,2,143,4
3,2,144,3
3,4,0,0
3,4,1,1
3,4,2,2
3,4,3,2
3,4,4,1
3,4,5,2
3,4,6,1
3,4,7,1
3,4,8,1
3,4,9,1
3,4,10,1
3,4,11,1
3,4,12,1
3,4,13,1
3,4,14,1
3,4,15,0
3,4,16,1
3,4,17,0
3,4,18,0
3,4,19,1
3,4,20,0
3,4,21,0
3,4,22,0
3,4,23,0
3,4,24,0
3,4,25,0
3,4,26,0
3,4,27,0
3,4,28,0
3,4,29,2
3,4,30,4
3,4,31,1
3,4,32,3
3,4,33,6
3,4,34,11
3,4,35,9
3,4,36,13
3,4,37,11
3,4,38,16
3,4,39,14
3,4,40,11
3,4,41,12
3,4,42,14
3,4,43,14
3,4,44,23
3,4,45,25
3,4,46,26
3,4,47,27
3,4,48,27
3,4,49,30
3,4,50,41
3,4,51,45
3,4,52,45
3,4,53,52
3,4,54,59
3,4,55,48
3,4,56,43
3,4,57,40
3,4,58,31
3,4,59,27
3,4,60,25
3,4,61,18
3,4,62,16
3,4,63,13
3,4,64,15
3,4,65,13
3,4,66,13
3,4,67,15
3,4,68,12
3,4,69,13
3,4,70,16
3,4,71,18
3,4,72,18
3,4,73,18
3,4,74,17
3,4,75,16
3,4,76,15
3,4,77,18
3,4,78,18
3,4,79,18
3,4,80,16
3,4,81,16
3,4,82,18
3,4,83,19
3,4,84,16
3,4,85,16
3,4,86,14
3,4,87,15
3,4,88,15
3,4,89,17
3,4,90,15
3,4,91,14
3,4,92,14
3,4,93,13
3,4,94,14
3,4,95,14
3,4,96,13
3,4,97,15
3,4,98,14
3,4,99,15
3,4,100,15
3,4,101,16
3,4,102,18
3,4,103,22
3,4,104,20
3,4,105,19
3,4,106,19
3,4,107,21
3,4,108,21
3,4,109,21
3,4,110,20
3,4,111,18
3,4,112,19
3,4,113,16
3,4,114,14
3,4,115,12
3,4,116,11
3,4,117,11
3,4,118,11
3,4,119,10
3,4,120,9
3,4,121,8
3,4,122,7
3,4,123,6
3,4,124,6
3,4,125,6
3,4,126,6
3,4,127,6
3,4,128,5
3,4,129,6
3,4,130,5
3,4,131,6
3,4,132,4
3,4,133,5
3,4,134,4
3,4,135,4
3,4,136,4
3,4,137,3
3,4,138,3
3,4,139,4
3,4,140,3
3,4,141,2
3,4,142,2
3,4,143,2
3,4,144,1
3,5,0,0
3,5,1,6
3,5,2,6
3,5,3,4
3,5,4,4
3,5,5,4
3,5,6,3
3,5,7,3
3,5,8,2
3,5,9,3
3,5,10,2
3,5,11,2
3,5,12,1
3,5,13,1
3,5,14,1
3,5,15,1
3,5,16,1
3,5,17,1
3,5,18,1
3,5,19,1
3,5,20,1
3,5,21,1
3,5,22,1
3,5,23,1
3,5,24,1
3,5,25,0
3,5,26,1
3,5,27,1
3,5,28,1
3,5,29,6
3,5,30,11
3,5,31,2
3,5,32,1
3,5,33,5
3,5,34,10
3,5,35,11
3,5,36,10
3,5,37,17
3,5,38,28
3,5,39,29
3,5,40,39
3,5,41,37
3,5,42,27
3,5,43,36
3,5,44,36
3,5,45,40
3,5,46,49
3,5,47,63
3,5,48,48
3,5,49,50
3,5,50,59
3,5,51,61
3,5,52,76
3,5,53,90
3,5,54,95
3,5,55,90
3,5,56,82
3,5,57,75
3,5,58,75
3,5,59,70
3,5,60,55
3,5,61,41
3,5,62,34
3,5,63,31
3,5,64,31
3,5,65,30
3,5,66,24
3,5,67,24
3,5,68,24
3,5,69,26
3,5,70,30
3,5,71,29
3,5,72,31
3,5,73,32
3,5,74,33
3,5,75,32
3,5,76,34
3,5,77,34
3,5,78,31
3,5,79,31
3,5,80,32
3,5,81,31
3,5,82,33
3,5,83,33
3,5,84,31
3,5,85,30
3,5,86,30
3,5,87,31
3,5,88,32
3,5,89,31
3,5,90,29
3,5,91,33
3,5,92,34
3,5,93,34
3,5,94,38
3,5,95,37
3,5,96,37
3,5,97,40
3,5,98,44
3,5,99,41
3,5,100,46
3,5,101,52
3,5,102,65
3,5,103,82
3,5,104,93
3,5,105,81
3,5,106,92
3,5,107,82
3,5,108,71
3,5,109,84
3,5,110,75
3,5,111,65
3,5,112,59
3,5,113,53
3,5,114,48
3,5,115,45
3,5,116,39
3,5,117,35
3,5,118,32
3,5,119,33
3,5,120,30
3,5,121,27
3,5,122,22
3,5,123,22
3,5,124,21
3,5,125,21
3,5,126,17
3,5,127,17
3,5,128,16
3,5,129,16
3,5,130,17
3,5,131,15
3,5,132,15
3,5,133,15
3,5,134,12
3,5,135,11
3,5,136,13
3,5,137,12
3,5,138,11
3,5,139,14
3,5,140,9
3,5,141,8
3,5,142,13
3,5,143,8
3,5,144,5
3,6,0,0
3,6,1,1
3,6,2,1
3,6,3,1
3,6,4,1
3,6,5,1
3,6,6,1
3,6,7,1
3,6,8,1
3,6,9,0
3,6,10,0
3,6,11,0
3,6,12,0
3,6,13,0
3,6,14,0
3,6,15,0
3,6,16,0
3,6,17,0
3,6,18,0
3,6,19,0
3,6,20,0
3,6,21,0
3,6,22,0
3,6,23,0
3,6,25,0
3,6,26,0
3,6,27,0
3,6,28,0
3,6,29,1
3,6,30,1
3,6,31,0
3,6,32,1
3,6,33,2
3,6,34,4
3,6,35,3
3,6,36,6
3,6,37,6
3,6,38,12
3,6,39,8
3,6,40,9
3,6,41,14
3,6,42,12
3,6,43,11
3,6,44,15
3,6,45,16
3,6,46,19
3,6,47,29
3,6,48,22
3,6,49,27
3,6,50,32
3,6,51,30
3,6,52,36
3,6,53,51
3,6,54,45
3,6,55,36
3,6,56,31
3,6,57,27
3,6,58,25
3,6,59,17
3,6,60,13
3,6,61,12
3,6,62,9
3,6,63,7
3,6,64,7
3,6,65,7
3,6,66,6
3,6,67,6
3,6,68,6
3,6,69,6
3,6,70,6
3,6,71,8
3,6,72,8
3,6,73,7
3,6,74,7
3,6,75,8
3,6,76,7
3,6,77,8
3,6,78,7
3,6,79,7
3,6,80,6
3,6,81,7
3,6,82,7
3,6,83,8
3,6,84,7
3,6,85,7
3,6,86,8
3,6,87,7
3,6,88,7
3,6,89,8
3,6,90,7
3,6,91,6
3,6,92,7
3,6,93,6
3,6,94,7
3,6,95,7
3,6,96,6
3,6,97,8
3,6,98,8
3,6,99,7
3,6,100,7
3,6,101,8
3,6,102,9
3,6,103,11
3,6,104,13
3,6,105,12
3,6,106,12
3,6,107,13
3,6,108,10
3,6,109,12
3,6,110,11
3,6,111,12
3,6,112,11
3,6,113,9
3,6,114,9
3,6,115,7
3,6,116,8
3,6,117,8
3,6,118,6
3,6,119,5
3,6,120,5
3,6,121,5
3,6,122,5
3,6,123,5
3,6,124,4
3,6,125,4
3,6,126,4
3,6,127,4
3,6,128,3
3,6,129,3
3,6,130,3
3,6,131,3
3,6,132,3
3,6,133,4
3,6,134,3
3,6,135,2
3,6,136,2
3,6,137,2
3,6,138,2
3,6,139,2
3,6,140,2
3,6,141,2
3,6,142,2
3,6,143,2
3,6,144,1
4,1,0,0
4,1,1,1
4,1,2,1
4,1,3,0
4,1,4,1
4,1,5,0
4,1,6,0
4,1,7,1
4,1,8,0
4,1,9,0
4,1,10,0
4,1,11,0
4,1,12,0
4,1,13,0
4,1,14,0
4,1,15,0
4,1,16,0
4,1,17,0
4,1,18,0
4,1,19,0
4,1,20,0
4,1,21,0
4,1,22,0
4,1,23,0
4,1,24,0
4,1,25,0
4,1,26,0
4,1,27,0
4,1,28,0
4,1,29,0
4,1,30,0
4,1,31,0
4,1,32,0
4,1,33,0
4,1,34,0
4,1,35,0
4,1,36,1
4,1,37,0
4,1,38,1
4,1,39,1
4,1,40,1
4,1,41,1
4,1,42,1
4,1,43,1
4,1,44,2
4,1,45,2
4,1,46,3
4,1,47,3
4,1,48,5
4,1,49,8
4,1,50,9
4,1,51,11
4,1,52,8
4,1,53,7
4,1,54,7
4,1,55,8
4,1,56,6
4,1,57,7
4,1,58,6
4,1,59,6
4,1,60,5
4,1,61,5
4,1,62,5
4,1,63,5
4,1,64,5
4,1,65,4
4,1,66,4
4,1,67,4
4,1,68,5
4,1,69,4
4,1,70,5
4,1,71,5
4,1,72,6
4,1,73,6
4,1,74,6
4,1,75,6
4,1,76,6
4,1,77,6
4,1,78,6
4,1,79,6
4,1,80,6
4,1,81,6
4,1,82,8
4,1,83,8
4,1,84,8
4,1,85,8
4,1,86,11
4,1,87,8
4,1,88,8
4,1,89,7
4,1,90,8
4,1,91,9
4,1,92,7
4,1,93,8
4,1,94,8
4,1,95,10
4,1,96,18
4,1,97,16
4,1,98,20
4,1,99,21
4,1,100,23
4,1,101,25
4,1,102,33
4,1,103,41
4,1,104,38
4,1,105,32
4,1,106,26
4,1,107,23
4,1,108,19
4,1,109,17
4,1,110,16
4,1,111,12
4,1,112,11
4,1,113,10
4,1,114,7
4,1,115,8
4,1,116,6
4,1,117,6
4,1,118,5
4,1,119,5
4,1,120,5
4,1,121,4
4,1,122,4
4,1,123,4
4,1,124,3
4,1,125,3
4,1,126,2
4,1,127,3
4,1,128,2
4,1,129,2
4,1,130,2
4,1,131,3
4,1,132,2
4,1,133,2
4,1,134,2
4,1,135,2
4,1,136,2
4,1,137,2
4,1,138,1
4,1,139,1
4,1,140,1
4,1,141,1
4,1,142,3
4,1,143,3
4,1,144,1
4,2,0,0
4,2,1,4
4,2,2,5
4,2,3,4
4,2,4,4
4,2,5,3
4,2,6,4
4,2,7,3
4,2,8,2
4,2,9,2
4,2,10,2
4,2,11,1
4,2,12,2
4,2,13,1
4,2,14,1
4,2,15,1
4,2,16,1
4,2,17,1
4,2,18,1
4,2,19,1
4,2,20,1
4,2,21,1
4,2,22,0
4,2,23,0
4,2,24,0
4,2,25,0
4,2,26,1
4,2,27,1
4,2,28,0
4,2,29,0
4,2,30,0
4,2,31,0
4,2,32,1
4,2,33,1
4,2,34,0
4,2,35,1
4,2,36,3
4,2,37,2
4,2,38,3
4,2,39,2
4,2,40,6
4,2,41,12
4,2,42,13
4,2,43,14
4,2,44,11
4,2,45,12
4,2,46,13
4,2,47,14
4,2,48,13
4,2,49,15
4,2,50,15
4,2,51,19
4,2,52,20
4,2,53,21
4,2,54,26
4,2,55,21
4,2,56,25
4,2,57,24
4,2,58,17
4,2,59,20
4,2,60,17
4,2,61,15
4,2,62,14
4,2,63,13
4,2,64,13
4,2,65,15
4,2,66,18
4,2,67,17
4,2,68,13
4,2,69,12
4,2,70,14
4,2,71,18
4,2,72,20
4,2,73,20
4,2,74,20
4,2,75,19
4,2,76,23
4,2,77,22
4,2,78,24
4,2,79,23
4,2,80,20
4,2,81,20
4,2,82,22
4,2,83,24
4,2,84,25
4,2,85,29
4,2,86,31
4,2,87,28
4,2,88,26
4,2,89,24
4,2,90,26
4,2,91,26
4,2,92,32
4,2,93,30
4,2,94,28
4,2,95,26
4,2,96,25
4,2,97,35
4,2,98,38
4,2,99,38
4,2,100,38
4,2,101,40
4,2,102,43
4,2,103,60
4,2,104,61
4,2,105,56
4,2,106,58
4,2,107,50
4,2,108,48
4,2,109,48
4,2,110,37
4,2,111,32
4,2,112,32
4,2,113,28
4,2,114,27
4,2,115,24
4,2,116,20
4,2,117,18
4,2,118,19
4,2,119,18
4,2,120,17
4,2,121,15
4,2,122,13
4,2,123,11
4,2,124,12
4,2,125,11
4,2,126,12
4,2,127,10
4,2,128,10
4,2,129,9
4,2,130,9
4,2,131,9
4,2,132,9
4,2,133,10
4,2,134,8
4,2,135,7
4,2,136,7
4,2,137,8
4,2,138,7
4,2,139,7
4,2,140,6
4,2,141,6
4,2,142,6
4,2,143,4
4,2,144,4
4,3,0,0
4,3,1,2
4,3,2,2
4,3,3,2
4,3,4,1
4,3,5,2
4,3,6,1
4,3,7,1
4,3,8,1
4,3,9,1
4,3,10,1
4,3,11,1
4,3,12,1
4,3,13,1
4,3,14,1
4,3,15,1
4,3,16,0
4,3,17,1
4,3,18,1
4,3,19,0
4,3,20,0
4,3,21,1
4,3,22,1
4,3,23,0
4,3,24,0
4,3,25,0
4,3,26,0
4,3,27,0
4,3,28,0
4,3,29,0
4,3,30,0
4,3,31,1
4,3,32,1
4,3,33,0
4,3,34,1
4,3,35,2
4,3,36,2
4,3,37,1
4,3,38,1
4,3,39,1
4,3,40,2
4,3,41,4
4,3,42,4
4,3,43,8
4,3,44,8
4,3,45,9
4,3,46,13
4,3,47,14
4,3,48,14
4,3,49,15
4,3,50,19
4,3,51,22
4,3,52,27
4,3,53,40
4,3,54,35
4,3,55,29
4,3,56,27
4,3,57,25
4,3,58,23
4,3,59,21
4,3,60,19
4,3,61,16
4,3,62,17
4,3,63,14
4,3,64,15
4,3,65,15
4,3,66,12
4,3,67,13
4,3,68,13
4,3,69,16
4,3,70,17
4,3,71,23
4,3,72,24
4,3,73,21
4,3,74,25
4,3,75,23
4,3,76,24
4,3,77,26
4,3,78,24
4,3,79,24
4,3,80,23
4,3,81,28
4,3,82,25
4,3,83,25
4,3,84,27
4,3,85,27
4,3,86,32
4,3,87,32
4,3,88,32
4,3,89,23
4,3,90,27
4,3,91,26
4,3,92,28
4,3,93,31
4,3,94,30
4,3,95,28
4,3,96,29
4,3,97,38
4,3,98,37
4,3,99,33
4,3,100,34
4,3,101,41
4,3,102,41
4,3,103,60
4,3,104,58
4,3,105,55
4,3,106,51
4,3,107,51
4,3,108,47
4,3,109,43
4,3,110,34
4,3,111,32
4,3,112,29
4,3,113,25
4,3,114,18
4,3,115,16
4,3,116,16
4,3,117,14
4,3,118,14
4,3,119,13
4,3,120,10
4,3,121,10
4,3,122,8
4,3,123,8
4,3,124,8
4,3,125,6
4,3,126,6
4,3,127,6
4,3,128,6
4,3,129,6
4,3,130,4
4,3,131,5
4,3,132,6
4,3,133,4
4,3,134,5
4,3,135,4
4,3,136,5
4,3,137,4
4,3,138,6
4,3,139,3
4,3,140,3
4,3,141,3
4,3,142,2
4,3,143,3
4,3,144,2
4,5,0,0
4,5,1,1
4,5,2,1
4,5,3,1
4,5,4,1
4,5,5,1
4,5,6,1
4,5,7,1
4,5,8,1
4,5,9,0
4,5,10,0
4,5,11,0
4,5,12,0
4,5,13,0
4,5,14,0
4,5,15,0
4,5,16,0
4,5,17,0
4,5,18,1
4,5,19,2
4,5,20,2
4,5,21,1
4,5,22,1
4,5,23,0
4,5,24,0
4,5,25,0
4,5,26,0
4,5,27,0
4,5,28,0
4,5,29,0
4,5,30,0
4,5,31,0
4,5,32,0
4,5,33,0
4,5,34,0
4,5,35,0
4,5,36,1
4,5,37,1
4,5,38,1
4,5,39,2
4,5,40,2
4,5,41,3
4,5,42,4
4,5,43,4
4,5,44,4
4,5,45,7
4,5,46,8
4,5,47,9
4,5,48,8
4,5,49,9
4,5,50,10
4,5,51,12
4,5,52,14
4,5,53,21
4,5,54,18
4,5,55,14
4,5,56,14
4,5,57,13
4,5,58,14
4,5,59,12
4,5,60,10
4,5,61,8
4,5,62,8
4,5,63,8
4,5,64,8
4,5,65,8
4,5,66,7
4,5,67,7
4,5,68,8
4,5,69,8
4,5,70,9
4,5,71,12
4,5,72,11
4,5,73,10
4,5,74,12
4,5,75,11
4,5,76,13
4,5,77,13
4,5,78,14
4,5,79,13
4,5,80,12
4,5,81,13
4,5,82,12
4,5,83,11
4,5,84,11
4,5,85,13
4,5,86,13
4,5,87,11
4,5,88,10
4,5,89,11
4,5,90,9
4,5,91,10
4,5,92,11
4,5,93,11
4,5,94,11
4,5,95,11
4,5,96,12
4,5,97,18
4,5,98,16
4,5,99,16
4,5,100,17
4,5,101,19
4,5,102,21
4,5,103,34
4,5,104,30
4,5,105,28
4,5,106,30
4,5,107,25
4,5,108,24
4,5,109,24
4,5,110,24
4,5,111,18
4,5,112,15
4,5,113,12
4,5,114,11
4,5,115,11
4,5,116,10
4,5,117,9
4,5,118,8
4,5,119,8
4,5,120,7
4,5,121,7
4,5,122,6
4,5,123,6
4,5,124,4
4,5,125,4
4,5,126,4
4,5,127,5
4,5,128,4
4,5,129,4
4,5,130,5
4,5,131,4
4,5,132,3
4,5,133,4
4,5,134,3
4,5,135,3
4,5,136,4
4,5,137,3
4,5,138,3
4,5,139,2
4,5,140,2
4,5,141,2
4,5,142,2
4,5,143,2
4,5,144,1
4,6,0,0
4,6,1,1
4,6,2,2
4,6,3,1
4,6,4,1
4,6,5,1
4,6,6,1
4,6,7,1
4,6,8,1
4,6,9,1
4,6,10,1
4,6,11,0
4,6,12,0
4,6,13,0
4,6,14,0
4,6,15,0
4,6,16,0
4,6,17,0
4,6,18,0
4,6,19,0
4,6,20,0
4,6,21,0
4,6,22,0
4,6,23,0
4,6,24,0
4,6,25,0
4,6,26,0
4,6,27,0
4,6,28,0
4,6,29,0
4,6,30,0
4,6,31,0
4,6,32,0
4,6,33,0
4,6,34,0
4,6,35,2
4,6,36,2
4,6,37,5
4,6,38,4
4,6,39,4
4,6,40,5
4,6,41,7
4,6,42,8
4,6,43,10
4,6,44,14
4,6,45,13
4,6,46,17
4,6,47,29
4,6,48,29
4,6,49,28
4,6,50,29
4,6,51,30
4,6,52,36
4,6,53,41
4,6,54,38
4,6,55,34
4,6,56,26
4,6,57,21
4,6,58,17
4,6,59,14
4,6,60,14
4,6,61,10
4,6,62,10
4,6,63,10
4,6,64,10
4,6,65,9
4,6,66,9
4,6,67,9
4,6,68,8
4,6,69,9
4,6,70,13
4,6,71,14
4,6,72,15
4,6,73,14
4,6,74,16
4,6,75,13
4,6,76,13
4,6,77,15
4,6,78,16
4,6,79,14
4,6,80,15
4,6,81,14
4,6,82,13
4,6,83,15
4,6,84,15
4,6,85,14
4,6,86,12
4,6,87,12
4,6,88,12
4,6,89,12
4,6,90,11
4,6,91,10
4,6,92,11
4,6,93,12
4,6,94,11
4,6,95,14
4,6,96,12
4,6,97,13
4,6,98,16
4,6,99,16
4,6,100,17
4,6,101,23
4,6,102,23
4,6,103,28
4,6,104,29
4,6,105,24
4,6,106,30
4,6,107,24
4,6,108,23
4,6,109,20
4,6,110,19
4,6,111,15
4,6,112,13
4,6,113,11
4,6,114,11
4,6,115,9
4,6,116,9
4,6,117,8
4,6,118,7
4,6,119,8
4,6,120,6
4,6,121,7
4,6,122,5
4,6,123,5
4,6,124,4
4,6,125,4
4,6,126,4
4,6,127,3
4,6,128,4
4,6,129,4
4,6,130,3
4,6,131,3
4,6,132,4
4,6,133,3
4,6,134,3
4,6,135,4
4,6,136,3
4,6,137,2
4,6,138,2
4,6,139,3
4,6,140,3
4,6,141,3
4,6,142,3
4,6,143,2
4,6,144,2
5,1,0,0
5,1,1,2
5,1,2,2
5,1,3,1
5,1,4,1
5,1,5,1
5,1,6,1
5,1,7,1
5,1,8,1
5,1,9,1
5,1,10,1
5,1,11,1
5,1,12,1
5,1,13,0
5,1,14,1
5,1,15,0
5,1,16,0
5,1,17,0
5,1,18,0
5,1,19,0
5,1,20,0
5,1,21,0
5,1,22,0
5,1,23,0
5,1,24,0
5,1,25,0
5,1,26,1
5,1,27,0
5,1,28,0
5,1,29,0
5,1,30,0
5,1,31,0
5,1,32,1
5,1,33,0
5,1,34,1
5,1,35,1
5,1,36,6
5,1,37,3
5,1,38,10
5,1,39,3
5,1,40,5
5,1,41,5
5,1,42,7
5,1,43,8
5,1,44,20
5,1,45,12
5,1,46,12
5,1,47,12
5,1,48,13
5,1,49,16
5,1,50,23
5,1,51,26
5,1,52,38
5,1,53,40
5,1,54,40
5,1,55,29
5,1,56,28
5,1,57,29
5,1,58,21
5,1,59,23
5,1,60,20
5,1,61,14
5,1,62,13
5,1,63,11
5,1,64,10
5,1,65,11
5,1,66,7
5,1,67,8
5,1,68,8
5,1,69,9
5,1,70,9
5,1,71,10
5,1,72,8
5,1,73,8
5,1,74,9
5,1,75,8
5,1,76,10
5,1,77,9
5,1,78,8
5,1,79,10
5,1,80,9
5,1,81,9
5,1,82,10
5,1,83,9
5,1,84,10
5,1,85,11
5,1,86,10
5,1,87,8
5,1,88,9
5,1,89,11
5,1,90,10
5,1,91,11
5,1,92,10
5,1,93,12
5,1,94,12
5,1,95,12
5,1,96,14
5,1,97,18
5,1,98,16
5,1,99,20
5,1,100,25
5,1,101,25
5,1,102,32
5,1,103,45
5,1,104,34
5,1,105,34
5,1,106,37
5,1,107,27
5,1,108,24
5,1,109,21
5,1,110,22
5,1,111,19
5,1,112,17
5,1,113,17
5,1,114,14
5,1,115,13
5,1,116,12
5,1,117,11
5,1,118,9
5,1,119,9
5,1,120,8
5,1,121,7
5,1,122,7
5,1,123,6
5,1,124,6
5,1,125,6
5,1,126,6
5,1,127,6
5,1,128,6
5,1,129,4
5,1,130,4
5,1,131,4
5,1,132,4
5,1,133,3
5,1,134,3
5,1,135,3
5,1,136,3
5,1,137,3
5,1,138,3
5,1,139,3
5,1,140,3
5,1,141,3
5,1,142,2
5,1,143,2
5,1,144,1
5,2,0,0
5,2,1,2
5,2,2,2
5,2,3,2
5,2,4,1
5,2,5,1
5,2,6,1
5,2,7,1
5,2,8,1
5,2,9,1
5,2,10,1
5,2,11,1
5,2,12,1
5,2,13,1
5,2,14,0
5,2,15,1
5,2,16,0
5,2,17,0
5,2,18,0
5,2,19,0
5,2,20,0
5,2,21,0
5,2,22,0
5,2,23,0
5,2,24,0
5,2,25,0
5,2,26,1
5,2,27,0
5,2,28,0
5,2,29,0
5,2,30,0
5,2,31,1
5,2,32,0
5,2,33,1
5,2,34,3
5,2,35,1
5,2,36,1
5,2,37,4
5,2,38,2
5,2,39,1
5,2,40,2
5,2,41,6
5,2,42,2
5,2,43,2
5,2,44,4
5,2,45,4
5,2,46,5
5,2,47,4
5,2,48,5
5,2,49,6
5,2,50,9
5,2,51,6
5,2,52,7
5,2,53,7
5,2,54,7
5,2,55,10
5,2,56,7
5,2,57,6
5,2,58,7
5,2,59,8
5,2,60,7
5,2,61,6
5,2,62,5
5,2,63,4
5,2,64,4
5,2,65,5
5,2,66,4
5,2,67,4
5,2,68,5
5,2,69,5
5,2,70,4
5,2,71,6
5,2,72,6
5,2,73,6
5,2,74,7
5,2,75,7
5,2,76,7
5,2,77,7
5,2,78,7
5,2,79,8
5,2,80,7
5,2,81,7
5,2,82,11
5,2,83,9
5,2,84,8
5,2,85,7
5,2,86,10
5,2,87,11
5,2,88,10
5,2,89,8
5,2,90,9
5,2,91,11
5,2,92,12
5,2,93,13
5,2,94,11
5,2,95,14
5,2,96,17
5,2,97,15
5,2,98,15
5,2,99,16
5,2,100,16
5,2,101,18
5,2,102,19
5,2,103,26
5,2,104,24
5,2,105,22
5,2,106,25
5,2,107,23
5,2,108,20
5,2,109,24
5,2,110,26
5,2,111,22
5,2,112,20
5,2,113,17
5,2,114,15
5,2,115,13
5,2,116,13
5,2,117,11
5,2,118,10
5,2,119,10
5,2,120,8
5,2,121,8
5,2,122,9
5,2,123,8
5,2,124,7
5,2,125,6
5,2,126,7
5,2,127,7
5,2,128,5
5,2,129,5
5,2,130,4
5,2,131,5
5,2,132,4
5,2,133,6
5,2,134,4
5,2,135,3
5,2,136,4
5,2,137,4
5,2,138,4
5,2,139,3
5,2,140,3
5,2,141,2
5,2,142,3
5,2,143,2
5,2,144,3
5,3,0,0
5,3,1,5
5,3,2,5
5,3,3,3
5,3,4,2
5,3,5,2
5,3,6,2
5,3,7,3
5,3,8,2
5,3,9,1
5,3,10,2
5,3,11,1
5,3,12,1
5,3,13,1
5,3,14,1
5,3,15,1
5,3,16,1
5,3,17,0
5,3,18,1
5,3,19,0
5,3,20,1
5,3,21,0
5,3,22,0
5,3,23,0
5,3,24,0
5,3,25,1
5,3,26,1
5,3,27,0
5,3,28,1
5,3,29,1
5,3,30,1
5,3,31,2
5,3,32,2
5,3,33,4
5,3,34,5
5,3,35,7
5,3,36,14
5,3,37,8
5,3,38,9
5,3,39,12
5,3,40,16
5,3,41,25
5,3,42,22
5,3,43,24
5,3,44,36
5,3,45,38
5,3,46,46
5,3,47,55
5,3,48,43
5,3,49,62
5,3,50,69
5,3,51,80
5,3,52,96
5,3,53,127
5,3,54,115
5,3,55,96
5,3,56,86
5,3,57,80
5,3,58,68
5,3,59,59
5,3,60,50
5,3,61,37
5,3,62,38
5,3,63,33
5,3,64,29
5,3,65,30
5,3,66,28
5,3,67,26
5,3,68,27
5,3,69,28
5,3,70,29
5,3,71,37
5,3,72,33
5,3,73,30
5,3,74,33
5,3,75,33
5,3,76,32
5,3,77,35
5,3,78,33
5,3,79,32
5,3,80,32
5,3,81,33
5,3,82,33
5,3,83,38
5,3,84,36
5,3,85,38
5,3,86,41
5,3,87,37
5,3,88,41
5,3,89,38
5,3,90,34
5,3,91,47
5,3,92,35
5,3,93,44
5,3,94,43
5,3,95,48
5,3,96,52
5,3,97,66
5,3,98,50
5,3,99,56
5,3,100,61
5,3,101,63
5,3,102,72
5,3,103,80
5,3,104,80
5,3,105,80
5,3,106,81
5,3,107,80
5,3,108,71
5,3,109,70
5,3,110,60
5,3,111,61
5,3,112,53
5,3,113,47
5,3,114,40
5,3,115,45
5,3,116,40
5,3,117,35
5,3,118,29
5,3,119,25
5,3,120,23
5,3,121,20
5,3,122,22
5,3,123,21
5,3,124,18
5,3,125,17
5,3,126,16
5,3,127,16
5,3,128,14
5,3,129,12
5,3,130,13
5,3,131,12
5,3,132,11
5,3,133,11
5,3,134,10
5,3,135,9
5,3,136,9
5,3,137,7
5,3,138,10
5,3,139,13
5,3,140,6
5,3,141,8
5,3,142,7
5,3,143,5
5,3,144,5
5,4,0,0
5,4,1,1
5,4,2,1
5,4,3,1
5,4,4,0
5,4,5,1
5,4,6,0
5,4,7,0
5,4,8,0
5,4,9,0
5,4,10,0
5,4,11,0
5,4,12,0
5,4,13,0
5,4,14,0
5,4,15,0
5,4,16,0
5,4,17,0
5,4,18,0
5,4,19,0
5,4,20,0
5,4,21,0
5,4,22,0
5,4,23,0
5,4,24,0
5,4,25,0
5,4,26,0
5,4,27,0
5,4,28,0
5,4,29,3
5,4,30,1
5,4,31,1
5,4,32,1
5,4,33,1
5,4,34,3
5,4,35,3
5,4,36,4
5,4,37,4
5,4,38,4
5,4,39,5
5,4,40,10
5,4,41,8
5,4,42,5
5,4,43,10
5,4,44,9
5,4,45,12
5,4,46,15
5,4,47,20
5,4,48,19
5,4,49,24
5,4,50,22
5,4,51,20
5,4,52,28
5,4,53,35
5,4,54,31
5,4,55,23
5,4,56,23
5,4,57,18
5,4,58,16
5,4,59,14
5,4,60,11
5,4,61,10
5,4,62,11
5,4,63,9
5,4,64,9
5,4,65,8
5,4,66,7
5,4,67,8
5,4,68,8
5,4,69,9
5,4,70,9
5,4,71,11
5,4,72,10
5,4,73,11
5,4,74,11
5,4,75,10
5,4,76,9
5,4,77,10
5,4,78,9
5,4,79,10
5,4,80,10
5,4,81,9
5,4,82,10
5,4,83,10
5,4,84,9
5,4,85,8
5,4,86,9
5,4,87,10
5,4,88,11
5,4,89,8
5,4,90,7
5,4,91,8
5,4,92,8
5,4,93,8
5,4,94,10
5,4,95,9
5,4,96,8
5,4,97,9
5,4,98,8
5,4,99,8
5,4,100,10
5,4,101,8
5,4,102,9
5,4,103,11
5,4,104,12
5,4,105,12
5,4,106,13
5,4,107,13
5,4,108,13
5,4,109,12
5,4,110,12
5,4,111,12
5,4,112,12
5,4,113,9
5,4,114,7
5,4,115,7
5,4,116,6
5,4,117,6
5,4,118,5
5,4,119,5
5,4,120,4
5,4,121,4
5,4,122,4
5,4,123,3
5,4,124,5
5,4,125,4
5,4,126,4
5,4,127,5
5,4,128,3
5,4,129,2
5,4,130,2
5,4,131,2
5,4,132,2
5,4,133,2
5,4,134,2
5,4,135,2
5,4,136,1
5,4,137,2
5,4,138,1
5,4,139,1
5,4,140,1
5,4,141,1
5,4,142,1
5,4,143,1
5,4,144,1
5,6,0,0
5,6,1,2
5,6,2,2
5,6,3,2
5,6,4,1
5,6,5,2
5,6,6,1
5,6,7,1
5,6,8,1
5,6,9,1
5,6,10,1
5,6,11,1
5,6,12,1
5,6,13,0
5,6,14,0
5,6,15,1
5,6,16,0
5,6,17,0
5,6,18,0
5,6,19,1
5,6,20,0
5,6,21,0
5,6,22,0
5,6,23,0
5,6,24,0
5,6,25,0
5,6,26,0
5,6,27,1
5,6,28,1
5,6,29,1
5,6,30,1
5,6,31,2
5,6,32,4
5,6,33,3
5,6,34,2
5,6,35,2
5,6,36,3
5,6,37,5
5,6,38,6
5,6,39,4
5,6,40,7
5,6,41,7
5,6,42,9
5,6,43,13
5,6,44,13
5,6,45,14
5,6,46,17
5,6,47,27
5,6,48,27
5,6,49,28
5,6,50,36
5,6,51,34
5,6,52,33
5,6,53,36
5,6,54,32
5,6,55,29
5,6,56,26
5,6,57,22
5,6,58,19
5,6,59,19
5,6,60,15
5,6,61,11
5,6,62,10
5,6,63,11
5,6,64,11
5,6,65,11
5,6,66,10
5,6,67,10
5,6,68,11
5,6,69,10
5,6,70,11
5,6,71,12
5,6,72,13
5,6,73,14
5,6,74,14
5,6,75,13
5,6,76,13
5,6,77,14
5,6,78,15
5,6,79,15
5,6,80,16
5,6,81,14
5,6,82,14
5,6,83,16
5,6,84,14
5,6,85,11
5,6,86,13
5,6,87,13
5,6,88,13
5,6,89,14
5,6,90,13
5,6,91,13
5,6,92,14
5,6,93,12
5,6,94,13
5,6,95,14
5,6,96,13
5,6,97,13
5,6,98,15
5,6,99,15
5,6,100,13
5,6,101,13
5,6,102,14
5,6,103,18
5,6,104,19
5,6,105,19
5,6,106,18
5,6,107,21
5,6,108,19
5,6,109,17
5,6,110,19
5,6,111,18
5,6,112,16
5,6,113,16
5,6,114,13
5,6,115,12
5,6,116,15
5,6,117,12
5,6,118,11
5,6,119,11
5,6,120,9
5,6,121,10
5,6,122,11
5,6,123,9
5,6,124,7
5,6,125,7
5,6,126,7
5,6,127,7
5,6,128,5
5,6,129,6
5,6,130,5
5,6,131,6
5,6,132,6
5,6,133,6
5,6,134,4
5,6,135,4
5,6,136,4
5,6,137,3
5,6,138,3
5,6,139,3
5,6,140,2
5,6,141,2
5,6,142,2
5,6,143,2
5,6,144,2
6,1,0,0
6,1,1,0
6,1,2,0
6,1,3,0
6,1,4,0
6,1,5,0
6,1,6,0
6,1,7,0
6,1,8,0
6,1,9,0
6,1,10,0
6,1,11,0
6,1,12,0
6,1,13,0
6,1,14,0
6,1,15,0
6,1,16,0
6,1,17,0
6,1,18,0
6,1,19,0
6,1,20,0
6,1,21,0
6,1,22,0
6,1,23,0
6,1,24,0
6,1,25,0
6,1,26,0
6,1,27,0
6,1,28,0
6,1,29,0
6,1,30,0
6,1,31,0
6,1,32,0
6,1,33,1
6,1,34,0
6,1,35,1
6,1,36,1
6,1,37,0
6,1,38,0
6,1,39,0
6,1,40,0
6,1,41,1
6,1,42,0
6,1,43,1
6,1,44,2
6,1,45,2
6,1,46,2
6,1,47,2
6,1,48,2
6,1,49,4
6,1,50,4
6,1,51,3
6,1,52,4
6,1,53,3
6,1,54,3
6,1,55,3
6,1,56,3
6,1,57,3
6,1,58,2
6,1,59,3
6,1,60,2
6,1,61,2
6,1,62,2
6,1,63,2
6,1,64,3
6,1,65,2
6,1,66,1
6,1,67,3
6,1,68,3
6,1,69,3
6,1,70,2
6,1,71,2
6,1,72,2
6,1,73,2
6,1,74,2
6,1,75,2
6,1,76,3
6,1,77,2
6,1,78,2
6,1,79,3
6,1,80,2
6,1,81,2
6,1,82,3
6,1,83,3
6,1,84,3
6,1,85,3
6,1,86,3
6,1,87,2
6,1,88,3
6,1,89,3
6,1,90,3
6,1,91,3
6,1,92,3
6,1,93,4
6,1,94,3
6,1,95,4
6,1,96,5
6,1,97,7
6,1,98,7
6,1,99,8
6,1,100,10
6,1,101,12
6,1,102,17
6,1,103,24
6,1,104,21
6,1,105,19
6,1,106,19
6,1,107,13
6,1,108,10
6,1,109,9
6,1,110,7
6,1,111,5
6,1,112,4
6,1,113,3
6,1,114,2
6,1,115,3
6,1,116,2
6,1,117,2
6,1,118,2
6,1,119,2
6,1,120,2
6,1,121,1
6,1,122,1
6,1,123,1
6,1,124,1
6,1,125,1
6,1,126,1
6,1,127,1
6,1,128,1
6,1,129,0
6,1,130,1
6,1,131,1
6,1,132,1
6,1,133,1
6,1,134,1
6,1,135,1
6,1,136,1
6,1,137,0
6,1,138,1
6,1,139,1
6,1,140,0
6,1,141,0
6,1,142,0
6,1,143,0
6,1,144,0
6,2,0,0
6,2,1,2
6,2,2,2
6,2,3,2
6,2,4,1
6,2,5,0
6,2,6,1
6,2,7,0
6,2,8,0
6,2,9,0
6,2,10,0
6,2,11,0
6,2,12,0
6,2,13,0
6,2,14,0
6,2,15,0
6,2,16,0
6,2,17,0
6,2,18,0
6,2,19,0
6,2,20,0
6,2,21,0
6,2,22,0
6,2,24,0
6,2,25,0
6,2,26,0
6,2,27,0
6,2,28,0
6,2,29,0
6,2,30,0
6,2,31,0
6,2,32,0
6,2,33,0
6,2,34,0
6,2,35,0
6,2,36,7
6,2,37,2
6,2,38,2
6,2,39,2
6,2,40,4
6,2,41,6
6,2,42,5
6,2,43,9
6,2,44,7
6,2,45,9
6,2,46,12
6,2,47,8
6,2,48,4
6,2,49,6
6,2,50,5
6,2,51,6
6,2,52,8
6,2,53,8
6,2,54,9
6,2,55,6
6,2,56,10
6,2,57,8
6,2,58,6
6,2,59,6
6,2,60,5
6,2,61,4
6,2,62,4
6,2,63,4
6,2,64,4
6,2,65,6
6,2,66,5
6,2,67,5
6,2,68,5
6,2,69,4
6,2,70,5
6,2,71,5
6,2,72,6
6,2,73,7
6,2,74,7
6,2,75,7
6,2,76,7
6,2,77,9
6,2,78,8
6,2,79,8
6,2,80,7
6,2,81,7
6,2,82,8
6,2,83,8
6,2,84,9
6,2,85,11
6,2,86,13
6,2,87,10
6,2,88,9
6,2,89,9
6,2,90,9
6,2,91,12
6,2,92,15
6,2,93,14
6,2,94,15
6,2,95,12
6,2,96,14
6,2,97,38
6,2,98,25
6,2,99,22
6,2,100,24
6,2,101,25
6,2,102,30
6,2,103,50
6,2,104,42
6,2,105,39
6,2,106,48
6,2,107,39
6,2,108,33
6,2,109,30
6,2,110,24
6,2,111,18
6,2,112,16
6,2,113,13
6,2,114,11
6,2,115,11
6,2,116,8
6,2,117,6
6,2,118,8
6,2,119,6
6,2,120,5
6,2,121,5
6,2,122,4
6,2,123,5
6,2,124,5
6,2,125,5
6,2,126,6
6,2,127,4
6,2,128,4
6,2,129,4
6,2,130,3
6,2,131,3
6,2,132,2
6,2,133,3
6,2,134,3
6,2,135,3
6,2,136,4
6,2,137,3
6,2,138,4
6,2,139,3
6,2,140,2
6,2,141,2
6,2,142,3
6,2,143,2
6,2,144,1
6,3,0,0
6,3,1,1
6,3,2,2
6,3,3,2
6,3,4,1
6,3,5,0
6,3,6,1
6,3,7,0
6,3,8,1
6,3,9,1
6,3,10,0
6,3,11,0
6,3,12,0
6,3,13,0
6,3,14,0
6,3,15,0
6,3,16,0
6,3,17,0
6,3,18,0
6,3,19,0
6,3,20,0
6,3,21,0
6,3,22,0
6,3,23,0
6,3,24,0
6,3,25,0
6,3,26,0
6,3,27,0
6,3,28,0
6,3,29,0
6,3,30,0
6,3,31,0
6,3,32,1
6,3,33,0
6,3,34,0
6,3,35,1
6,3,36,2
6,3,37,1
6,3,38,3
6,3,39,3
6,3,40,2
6,3,41,2
6,3,42,3
6,3,43,2
6,3,44,3
6,3,45,8
6,3,46,6
6,3,47,10
6,3,48,8
6,3,49,7
6,3,50,9
6,3,51,13
6,3,52,16
6,3,53,23
6,3,54,22
6,3,55,18
6,3,56,15
6,3,57,14
6,3,58,12
6,3,59,14
6,3,60,11
6,3,61,10
6,3,62,10
6,3,63,8
6,3,64,8
6,3,65,8
6,3,66,7
6,3,67,6
6,3,68,7
6,3,69,7
6,3,70,8
6,3,71,12
6,3,72,9
6,3,73,10
6,3,74,11
6,3,75,9
6,3,76,10
6,3,77,10
6,3,78,10
6,3,79,10
6,3,80,11
6,3,81,12
6,3,82,13
6,3,83,13
6,3,84,11
6,3,85,12
6,3,86,13
6,3,87,12
6,3,88,13
6,3,89,18
6,3,90,12
6,3,91,12
6,3,92,12
6,3,93,12
6,3,94,13
6,3,95,17
6,3,96,14
6,3,97,20
6,3,98,24
6,3,99,20
6,3,100,26
6,3,101,29
6,3,102,36
6,3,103,53
6,3,104,45
6,3,105,41
6,3,106,37
6,3,107,33
6,3,108,30
6,3,109,30
6,3,110,24
6,3,111,18
6,3,112,14
6,3,113,12
6,3,114,11
6,3,115,12
6,3,116,10
6,3,117,7
6,3,118,6
6,3,119,6
6,3,120,5
6,3,121,5
6,3,122,4
6,3,123,5
6,3,124,5
6,3,125,4
6,3,126,4
6,3,127,3
6,3,128,3
6,3,129,2
6,3,130,2
6,3,131,2
6,3,132,2
6,3,133,2
6,3,134,3
6,3,135,3
6,3,136,2
6,3,137,2
6,3,138,2
6,3,139,2
6,3,140,2
6,3,141,2
6,3,142,2
6,3,143,1
6,3,144,1
6,4,0,0
6,4,1,1
6,4,2,1
6,4,3,1
6,4,4,1
6,4,5,1
6,4,6,0
6,4,7,1
6,4,8,0
6,4,9,1
6,4,10,0
6,4,11,0
6,4,12,0
6,4,13,0
6,4,14,0
6,4,15,0
6,4,16,0
6,4,17,0
6,4,18,0
6,4,19,0
6,4,20,0
6,4,21,0
6,4,22,0
6,4,23,0
6,4,24,0
6,4,25,0
6,4,26,0
6,4,27,0
6,4,28,1
6,4,29,0
6,4,30,0
6,4,31,0
6,4,32,1
6,4,33,2
6,4,34,1
6,4,35,2
6,4,36,9
6,4,37,4
6,4,38,5
6,4,39,5
6,4,40,7
6,4,41,12
6,4,42,10
6,4,43,14
6,4,44,16
6,4,45,20
6,4,46,21
6,4,47,21
6,4,48,24
6,4,49,30
6,4,50,31
6,4,51,33
6,4,52,36
6,4,53,39
6,4,54,30
6,4,55,29
6,4,56,26
6,4,57,19
6,4,58,18
6,4,59,17
6,4,60,15
6,4,61,13
6,4,62,12
6,4,63,11
6,4,64,10
6,4,65,11
6,4,66,12
6,4,67,11
6,4,68,11
6,4,69,11
6,4,70,11
6,4,71,15
6,4,72,17
6,4,73,16
6,4,74,15
6,4,75,16
6,4,76,15
6,4,77,16
6,4,78,17
6,4,79,14
6,4,80,15
6,4,81,14
6,4,82,15
6,4,83,17
6,4,84,14
6,4,85,12
6,4,86,12
6,4,87,11
6,4,88,11
6,4,89,12
6,4,90,13
6,4,91,11
6,4,92,12
6,4,93,11
6,4,94,12
6,4,95,13
6,4,96,14
6,4,97,16
6,4,98,14
6,4,99,14
6,4,100,16
6,4,101,15
6,4,102,18
6,4,103,26
6,4,104,25
6,4,105,23
6,4,106,25
6,4,107,23
6,4,108,22
6,4,109,21
6,4,110,18
6,4,111,14
6,4,112,12
6,4,113,11
6,4,114,9
6,4,115,8
6,4,116,7
6,4,117,7
6,4,118,6
6,4,119,6
6,4,120,5
6,4,121,5
6,4,122,5
6,4,123,4
6,4,124,4
6,4,125,4
6,4,126,4
6,4,127,3
6,4,128,3
6,4,129,2
6,4,130,2
6,4,131,3
6,4,132,2
6,4,133,3
6,4,134,2
6,4,135,2
6,4,136,2
6,4,137,2
6,4,138,2
6,4,139,2
6,4,140,2
6,4,141,2
6,4,142,1
6,4,143,1
6,4,144,1
6,5,0,0
6,5,1,2
6,5,2,2
6,5,3,2
6,5,4,1
6,5,5,1
6,5,6,1
6,5,7,1
6,5,8,4
6,5,9,1
6,5,10,1
6,5,11,1
6,5,12,0
6,5,13,0
6,5,14,0
6,5,15,0
6,5,16,0
6,5,17,0
6,5,18,0
6,5,19,0
6,5,20,0
6,5,21,0
6,5,22,0
6,5,23,0
6,5,24,0
6,5,25,0
6,5,26,0
6,5,27,0
6,5,28,1
6,5,29,1
6,5,30,0
6,5,31,1
6,5,32,1
6,5,33,1
6,5,34,2
6,5,35,3
6,5,36,4
6,5,37,3
6,5,38,2
6,5,39,3
6,5,40,5
6,5,41,10
6,5,42,7
6,5,43,7
6,5,44,6
6,5,45,7
6,5,46,11
6,5,47,13
6,5,48,11
6,5,49,13
6,5,50,15
6,5,51,20
6,5,52,24
6,5,53,24
6,5,54,23
6,5,55,22
6,5,56,20
6,5,57,17
6,5,58,15
6,5,59,15
6,5,60,13
6,5,61,12
6,5,62,13
6,5,63,14
6,5,64,12
6,5,65,12
6,5,66,11
6,5,67,10
6,5,68,12
6,5,69,12
6,5,70,15
6,5,71,15
6,5,72,18
6,5,73,17
6,5,74,17
6,5,75,17
6,5,76,19
6,5,77,20
6,5,78,20
6,5,79,17
6,5,80,17
6,5,81,14
6,5,82,17
6,5,83,15
6,5,84,18
6,5,85,14
6,5,86,13
6,5,87,13
6,5,88,14
6,5,89,14
6,5,90,14
6,5,91,14
6,5,92,14
6,5,93,14
6,5,94,13
6,5,95,14
6,5,96,15
6,5,97,17
6,5,98,18
6,5,99,17
6,5,100,17
6,5,101,19
6,5,102,23
6,5,103,31
6,5,104,32
6,5,105,30
6,5,106,32
6,5,107,31
6,5,108,32
6,5,109,29
6,5,110,27
6,5,111,24
6,5,112,19
6,5,113,19
6,5,114,19
6,5,115,16
6,5,116,15
6,5,117,13
6,5,118,14
6,5,119,12
6,5,120,10
6,5,121,11
6,5,122,10
6,5,123,9
6,5,124,9
6,5,125,8
6,5,126,6
6,5,127,7
6,5,128,6
6,5,129,6
6,5,130,5
6,5,131,6
6,5,132,5
6,5,133,4
6,5,134,4
6,5,135,4
6,5,136,4
6,5,137,4
6,5,138,3
6,5,139,3
6,5,140,4
6,5,141,3
6,5,142,3
6,5,143,2
6,5,144,2
